,Fp1,Fp2,C3,C4,P7,P8,O1,O2,F7,F8,F3,F4,T7,T8,P3,P4,Marker
0,-68747.14866246565,-65948.93377410577,-100587.72272917304,-83686.09353138132,-76357.24709716406,-69429.86034510855,-65024.599733901,-80159.63645692306,-46050.7179559133,-54117.01549494451,-45409.37935225718,-125644.83292637265,-92085.11913837423,-81853.0716720905,-61374.26929167144,-70440.31565669962,0
1,-68747.14866246565,-65948.93377410577,-100587.72272917304,-83686.09353138132,-76357.24709716406,-69429.86034510855,-65024.599733901,-80159.63645692306,-46050.7179559133,-54117.01549494451,-45409.37935225718,-125644.83292637265,-92085.11913837423,-81853.0716720905,-61374.26929167144,-70440.31565669962,0
2,-68747.14866246565,-65948.93377410577,-100587.72272917304,-83686.09353138132,-76357.24709716406,-69429.86034510855,-65024.599733901,-80159.63645692306,-46050.7179559133,-54117.01549494451,-45409.37935225718,-125644.83292637265,-92085.11913837423,-81853.0716720905,-61374.26929167144,-70440.31565669962,0
3,-68747.14866246565,-65948.93377410577,-100587.72272917304,-83686.09353138132,-76357.24709716406,-69429.86034510855,-65024.599733901,-80159.63645692306,-46050.7179559133,-54117.01549494451,-45409.37935225718,-125644.83292637265,-92085.11913837423,-81853.0716720905,-61374.26929167144,-70440.31565669962,0
4,-68730.94364773556,-65970.01146912712,-100589.26499954045,-83691.88263319524,-76358.38703613127,-69422.30545548267,-65010.20521047178,-80167.81719539371,-46038.69271739635,-54118.82598624539,-45495.277106198926,-126689.37464825806,-92083.62157149572,-81844.13097430837,-61364.00984096645,-70394.38282184396,0
5,-68730.94364773556,-65970.01146912712,-100589.26499954045,-83691.88263319524,-76358.38703613127,-69422.30545548267,-65010.20521047178,-80167.81719539371,-46038.69271739635,-54118.82598624539,-45495.277106198926,-126689.37464825806,-92083.62157149572,-81844.13097430837,-61364.00984096645,-70394.38282184396,0
6,-68730.94364773556,-65970.01146912712,-100589.26499954045,-83691.88263319524,-76358.38703613127,-69422.30545548267,-65010.20521047178,-80167.81719539371,-46038.69271739635,-54118.82598624539,-45495.277106198926,-126689.37464825806,-92083.62157149572,-81844.13097430837,-61364.00984096645,-70394.38282184396,0
7,-68730.94364773556,-65970.01146912712,-100589.26499954045,-83691.88263319524,-76358.38703613127,-69422.30545548267,-65010.20521047178,-80167.81719539371,-46038.69271739635,-54118.82598624539,-45495.277106198926,-126689.37464825806,-92083.62157149572,-81844.13097430837,-61364.00984096645,-70394.38282184396,0
8,-68730.94364773556,-65970.01146912712,-100589.26499954045,-83691.88263319524,-76358.38703613127,-69422.30545548267,-65010.20521047178,-80167.81719539371,-46038.69271739635,-54118.82598624539,-45495.277106198926,-126689.37464825806,-92083.62157149572,-81844.13097430837,-61364.00984096645,-70394.38282184396,0
9,-68663.95546960301,-65960.17670156679,-100571.92004584313,-83680.28207782294,-76323.13833512526,-69402.4794581508,-64994.13430620841,-80131.54031414275,-46028.27680448018,-54047.0098313105,-45564.83573494384,-127743.3488063036,-92049.3786989902,-81793.16899695028,-61321.00508463444,-70369.12535060947,0
10,-68663.95546960301,-65960.17670156679,-100571.92004584313,-83680.28207782294,-76323.13833512526,-69402.4794581508,-64994.13430620841,-80131.54031414275,-46028.27680448018,-54047.0098313105,-45564.83573494384,-127743.3488063036,-92049.3786989902,-81793.16899695028,-61321.00508463444,-70369.12535060947,0
11,-68663.95546960301,-65960.17670156679,-100571.92004584313,-83680.28207782294,-76323.13833512526,-69402.4794581508,-64994.13430620841,-80131.54031414275,-46028.27680448018,-54047.0098313105,-45564.83573494384,-127743.3488063036,-92049.3786989902,-81793.16899695028,-61321.00508463444,-70369.12535060947,0
12,-68663.95546960301,-65960.17670156679,-100571.92004584313,-83680.28207782294,-76323.13833512526,-69402.4794581508,-64994.13430620841,-80131.54031414275,-46028.27680448018,-54047.0098313105,-45564.83573494384,-127743.3488063036,-92049.3786989902,-81793.16899695028,-61321.00508463444,-70369.12535060947,0
13,-68617.82146904725,-65917.19429697923,-100521.09217895177,-83632.2928824774,-76279.12775029276,-69350.66811450341,-64913.980950591686,-80074.36455182607,-46002.43818788984,-54030.84952006931,-45642.195122503654,-128022.9691294395,-92027.25047197944,-81773.76768276306,-61281.30838648181,-70362.44217901734,0
14,-68617.82146904725,-65917.19429697923,-100521.09217895177,-83632.2928824774,-76279.12775029276,-69350.66811450341,-64913.980950591686,-80074.36455182607,-46002.43818788984,-54030.84952006931,-45642.195122503654,-128022.9691294395,-92027.25047197944,-81773.76768276306,-61281.30838648181,-70362.44217901734,0
15,-68617.82146904725,-65917.19429697923,-100521.09217895177,-83632.2928824774,-76279.12775029276,-69350.66811450341,-64913.980950591686,-80074.36455182607,-46002.43818788984,-54030.84952006931,-45642.195122503654,-128022.9691294395,-92027.25047197944,-81773.76768276306,-61281.30838648181,-70362.44217901734,0
16,-68617.82146904725,-65917.19429697923,-100521.09217895177,-83632.2928824774,-76279.12775029276,-69350.66811450341,-64913.980950591686,-80074.36455182607,-46002.43818788984,-54030.84952006931,-45642.195122503654,-128022.9691294395,-92027.25047197944,-81773.76768276306,-61281.30838648181,-70362.44217901734,0
17,-68617.82146904725,-65917.19429697923,-100521.09217895177,-83632.2928824774,-76279.12775029276,-69350.66811450341,-64913.980950591686,-80074.36455182607,-46002.43818788984,-54030.84952006931,-45642.195122503654,-128022.9691294395,-92027.25047197944,-81773.76768276306,-61281.30838648181,-70362.44217901734,0
18,-68692.67746122807,-65904.0067677506,-100497.30992285132,-83630.03535628741,-76262.76627335147,-69340.1180911205,-64903.7214998867,-80025.07895530212,-45973.917361964865,-54011.604668093285,-45693.64883823977,-127630.62895901549,-92013.05711425032,-81762.7482727466,-61247.17727269856,-70324.51126867668,0
19,-68692.67746122807,-65904.0067677506,-100497.30992285132,-83630.03535628741,-76262.76627335147,-69340.1180911205,-64903.7214998867,-80025.07895530212,-45973.917361964865,-54011.604668093285,-45693.64883823977,-127630.62895901549,-92013.05711425032,-81762.7482727466,-61247.17727269856,-70324.51126867668,0
20,-68692.67746122807,-65904.0067677506,-100497.30992285132,-83630.03535628741,-76262.76627335147,-69340.1180911205,-64903.7214998867,-80025.07895530212,-45973.917361964865,-54011.604668093285,-45693.64883823977,-127630.62895901549,-92013.05711425032,-81762.7482727466,-61247.17727269856,-70324.51126867668,0
21,-68692.67746122807,-65904.0067677506,-100497.30992285132,-83630.03535628741,-76262.76627335147,-69340.1180911205,-64903.7214998867,-80025.07895530212,-45973.917361964865,-54011.604668093285,-45693.64883823977,-127630.62895901549,-92013.05711425032,-81762.7482727466,-61247.17727269856,-70324.51126867668,0
22,-68692.67746122807,-65904.0067677506,-100497.30992285132,-83630.03535628741,-76262.76627335147,-69340.1180911205,-64903.7214998867,-80025.07895530212,-45973.917361964865,-54011.604668093285,-45693.64883823977,-127630.62895901549,-92013.05711425032,-81762.7482727466,-61247.17727269856,-70324.51126867668,0
23,-68676.47244649798,-65878.68224128273,-100486.17875411258,-83618.1889317261,-76248.30469468888,-69329.29984680413,-64898.111212028416,-80051.0963858481,-45970.40813808538,-54020.143034475215,-45796.556269712004,-127093.31537405436,-92016.54398638535,-81761.11659540137,-61245.478540119955,-70273.70575352976,0
24,-68676.47244649798,-65878.68224128273,-100486.17875411258,-83618.1889317261,-76248.30469468888,-69329.29984680413,-64898.111212028416,-80051.0963858481,-45970.40813808538,-54020.143034475215,-45796.556269712004,-127093.31537405436,-92016.54398638535,-81761.11659540137,-61245.478540119955,-70273.70575352976,0
25,-68676.47244649798,-65878.68224128273,-100486.17875411258,-83618.1889317261,-76248.30469468888,-69329.29984680413,-64898.111212028416,-80051.0963858481,-45970.40813808538,-54020.143034475215,-45796.556269712004,-127093.31537405436,-92016.54398638535,-81761.11659540137,-61245.478540119955,-70273.70575352976,0
26,-68676.47244649798,-65878.68224128273,-100486.17875411258,-83618.1889317261,-76248.30469468888,-69329.29984680413,-64898.111212028416,-80051.0963858481,-45970.40813808538,-54020.143034475215,-45796.556269712004,-127093.31537405436,-92016.54398638535,-81761.11659540137,-61245.478540119955,-70273.70575352976,0
27,-68588.943015211,-65880.67154653926,-100462.32944277876,-83609.22588219952,-76216.5428658179,-69306.38930873745,-64865.50001686812,-80019.96040582185,-45937.014631869155,-53985.72134801404,-45823.57952875847,-126983.65771575664,-91988.00080871592,-81720.14584781478,-61191.70024296048,-70205.39882247434,0
28,-68588.943015211,-65880.67154653926,-100462.32944277876,-83609.22588219952,-76216.5428658179,-69306.38930873745,-64865.50001686812,-80019.96040582185,-45937.014631869155,-53985.72134801404,-45823.57952875847,-126983.65771575664,-91988.00080871592,-81720.14584781478,-61191.70024296048,-70205.39882247434,0
29,-68588.943015211,-65880.67154653926,-100462.32944277876,-83609.22588219952,-76216.5428658179,-69306.38930873745,-64865.50001686812,-80019.96040582185,-45937.014631869155,-53985.72134801404,-45823.57952875847,-126983.65771575664,-91988.00080871592,-81720.14584781478,-61191.70024296048,-70205.39882247434,0
30,-68588.943015211,-65880.67154653926,-100462.32944277876,-83609.22588219952,-76216.5428658179,-69306.38930873745,-64865.50001686812,-80019.96040582185,-45937.014631869155,-53985.72134801404,-45823.57952875847,-126983.65771575664,-91988.00080871592,-81720.14584781478,-61191.70024296048,-70205.39882247434,0
31,-68588.943015211,-65880.67154653926,-100462.32944277876,-83609.22588219952,-76216.5428658179,-69306.38930873745,-64865.50001686812,-80019.96040582185,-45937.014631869155,-53985.72134801404,-45823.57952875847,-126983.65771575664,-91988.00080871592,-81720.14584781478,-61191.70024296048,-70205.39882247434,0
32,-68576.04605866029,-65868.28868011101,-100460.69776543354,-83603.30266991886,-76201.00840342145,-69300.9131313459,-64860.85085402142,-80014.19365575239,-45925.95051836378,-53985.14020265821,-45906.77272162113,-126738.28026512628,-91969.62767477366,-81717.21776929114,-61190.0909173597,-70227.70586344074,0
33,-68576.04605866029,-65868.28868011101,-100460.69776543354,-83603.30266991886,-76201.00840342145,-69300.9131313459,-64860.85085402142,-80014.19365575239,-45925.95051836378,-53985.14020265821,-45906.77272162113,-126738.28026512628,-91969.62767477366,-81717.21776929114,-61190.0909173597,-70227.70586344074,0
34,-68576.04605866029,-65868.28868011101,-100460.69776543354,-83603.30266991886,-76201.00840342145,-69300.9131313459,-64860.85085402142,-80014.19365575239,-45925.95051836378,-53985.14020265821,-45906.77272162113,-126738.28026512628,-91969.62767477366,-81717.21776929114,-61190.0909173597,-70227.70586344074,0
35,-68576.04605866029,-65868.28868011101,-100460.69776543354,-83603.30266991886,-76201.00840342145,-69300.9131313459,-64860.85085402142,-80014.19365575239,-45925.95051836378,-53985.14020265821,-45906.77272162113,-126738.28026512628,-91969.62767477366,-81717.21776929114,-61190.0909173597,-70227.70586344074,0
36,-68605.48330610793,-65837.30916229596,-100397.88936351411,-83565.61762876721,-76159.50121396795,-69249.45941560977,-64800.32233003645,-79948.23365786478,-45893.33932320349,-53932.01010608794,-45933.28189054512,-125550.35210256006,-91938.37993602514,-81666.85928903334,-61129.02595150781,-70128.79939422601,0
37,-68605.48330610793,-65837.30916229596,-100397.88936351411,-83565.61762876721,-76159.50121396795,-69249.45941560977,-64800.32233003645,-79948.23365786478,-45893.33932320349,-53932.01010608794,-45933.28189054512,-125550.35210256006,-91938.37993602514,-81666.85928903334,-61129.02595150781,-70128.79939422601,0
38,-68605.48330610793,-65837.30916229596,-100397.88936351411,-83565.61762876721,-76159.50121396795,-69249.45941560977,-64800.32233003645,-79948.23365786478,-45893.33932320349,-53932.01010608794,-45933.28189054512,-125550.35210256006,-91938.37993602514,-81666.85928903334,-61129.02595150781,-70128.79939422601,0
39,-68605.48330610793,-65837.30916229596,-100397.88936351411,-83565.61762876721,-76159.50121396795,-69249.45941560977,-64800.32233003645,-79948.23365786478,-45893.33932320349,-53932.01010608794,-45933.28189054512,-125550.35210256006,-91938.37993602514,-81666.85928903334,-61129.02595150781,-70128.79939422601,0
40,-68605.48330610793,-65837.30916229596,-100397.88936351411,-83565.61762876721,-76159.50121396795,-69249.45941560977,-64800.32233003645,-79948.23365786478,-45893.33932320349,-53932.01010608794,-45933.28189054512,-125550.35210256006,-91938.37993602514,-81666.85928903334,-61129.02595150781,-70128.79939422601,0
41,-68565.00429689937,-65830.536583726,-100403.63376183913,-83571.27262011441,-76145.7772428724,-69231.55566830107,-64790.86754213185,-79931.26868382319,-45894.61337263744,-53938.134484068694,-46029.61790914749,-125317.87160848042,-91935.07187784575,-81666.4793093776,-61128.71302708543,-70132.7556529946,0
42,-68565.00429689937,-65830.536583726,-100403.63376183913,-83571.27262011441,-76145.7772428724,-69231.55566830107,-64790.86754213185,-79931.26868382319,-45894.61337263744,-53938.134484068694,-46029.61790914749,-125317.87160848042,-91935.07187784575,-81666.4793093776,-61128.71302708543,-70132.7556529946,0
43,-68565.00429689937,-65830.536583726,-100403.63376183913,-83571.27262011441,-76145.7772428724,-69231.55566830107,-64790.86754213185,-79931.26868382319,-45894.61337263744,-53938.134484068694,-46029.61790914749,-125317.87160848042,-91935.07187784575,-81666.4793093776,-61128.71302708543,-70132.7556529946,0
44,-68565.00429689937,-65830.536583726,-100403.63376183913,-83571.27262011441,-76145.7772428724,-69231.55566830107,-64790.86754213185,-79931.26868382319,-45894.61337263744,-53938.134484068694,-46029.61790914749,-125317.87160848042,-91935.07187784575,-81666.4793093776,-61128.71302708543,-70132.7556529946,0
45,-68560.82452068622,-65825.79801390148,-100386.15469767508,-83561.1249281317,-76127.62762637468,-69234.28258112461,-64790.42050724274,-79954.69331201236,-45857.21890416371,-53914.41928320161,-46093.901526200956,-124552.905506242,-91912.943650835,-81647.27916089048,-61098.49346858186,-70141.56224030998,0
46,-68560.82452068622,-65825.79801390148,-100386.15469767508,-83561.1249281317,-76127.62762637468,-69234.28258112461,-64790.42050724274,-79954.69331201236,-45857.21890416371,-53914.41928320161,-46093.901526200956,-124552.905506242,-91912.943650835,-81647.27916089048,-61098.49346858186,-70141.56224030998,0
47,-68560.82452068622,-65825.79801390148,-100386.15469767508,-83561.1249281317,-76127.62762637468,-69234.28258112461,-64790.42050724274,-79954.69331201236,-45857.21890416371,-53914.41928320161,-46093.901526200956,-124552.905506242,-91912.943650835,-81647.27916089048,-61098.49346858186,-70141.56224030998,0
48,-68560.82452068622,-65825.79801390148,-100386.15469767508,-83561.1249281317,-76127.62762637468,-69234.28258112461,-64790.42050724274,-79954.69331201236,-45857.21890416371,-53914.41928320161,-46093.901526200956,-124552.905506242,-91912.943650835,-81647.27916089048,-61098.49346858186,-70141.56224030998,0
49,-68560.82452068622,-65825.79801390148,-100386.15469767508,-83561.1249281317,-76127.62762637468,-69234.28258112461,-64790.42050724274,-79954.69331201236,-45857.21890416371,-53914.41928320161,-46093.901526200956,-124552.905506242,-91912.943650835,-81647.27916089048,-61098.49346858186,-70141.56224030998,0
50,-68586.48432332091,-65774.14313246527,-100324.68740042299,-83511.03466880735,-76078.87847171766,-69181.46540897673,-64736.86572752783,-79880.9549070543,-45849.55225581554,-53881.226942685484,-46168.73516663732,-123283.92991828083,-91885.69687434398,-81620.79234371094,-61072.587796758155,-70112.41556554027,0
51,-68586.48432332091,-65774.14313246527,-100324.68740042299,-83511.03466880735,-76078.87847171766,-69181.46540897673,-64736.86572752783,-79880.9549070543,-45849.55225581554,-53881.226942685484,-46168.73516663732,-123283.92991828083,-91885.69687434398,-81620.79234371094,-61072.587796758155,-70112.41556554027,0
52,-68586.48432332091,-65774.14313246527,-100324.68740042299,-83511.03466880735,-76078.87847171766,-69181.46540897673,-64736.86572752783,-79880.9549070543,-45849.55225581554,-53881.226942685484,-46168.73516663732,-123283.92991828083,-91885.69687434398,-81620.79234371094,-61072.587796758155,-70112.41556554027,0
53,-68586.48432332091,-65774.14313246527,-100324.68740042299,-83511.03466880735,-76078.87847171766,-69181.46540897673,-64736.86572752783,-79880.9549070543,-45849.55225581554,-53881.226942685484,-46168.73516663732,-123283.92991828083,-91885.69687434398,-81620.79234371094,-61072.587796758155,-70112.41556554027,0
54,-68583.0868581637,-65777.96528076712,-100330.40944700355,-83522.25524452391,-76093.1612364246,-69183.63352818889,-64730.65194256925,-79874.38349418444,-45841.50562781163,-53865.33485237776,-46198.48533850734,-122593.37277333412,-91896.15749074907,-81604.74379119204,-61052.672392448476,-70041.31466642793,0
55,-68608.3890328871,-65771.34916440836,-100312.30453399474,-83510.34176472924,-76074.11755014867,-69186.47219973472,-64728.41676812372,-79892.26488974868,-45830.73208698417,-53865.714832033496,-46225.28508010925,-122134.04442477757,-91881.69591208648,-81604.92260514767,-61048.98435461335,-70064.69459112818,0
56,-68608.3890328871,-65771.34916440836,-100312.30453399474,-83510.34176472924,-76074.11755014867,-69186.47219973472,-64728.41676812372,-79892.26488974868,-45830.73208698417,-53865.714832033496,-46225.28508010925,-122134.04442477757,-91881.69591208648,-81604.92260514767,-61048.98435461335,-70064.69459112818,0
57,-68608.3890328871,-65771.34916440836,-100312.30453399474,-83510.34176472924,-76074.11755014867,-69186.47219973472,-64728.41676812372,-79892.26488974868,-45830.73208698417,-53865.714832033496,-46225.28508010925,-122134.04442477757,-91881.69591208648,-81604.92260514767,-61048.98435461335,-70064.69459112818,0
58,-68608.3890328871,-65771.34916440836,-100312.30453399474,-83510.34176472924,-76074.11755014867,-69186.47219973472,-64728.41676812372,-79892.26488974868,-45830.73208698417,-53865.714832033496,-46225.28508010925,-122134.04442477757,-91881.69591208648,-81604.92260514767,-61048.98435461335,-70064.69459112818,0
59,-68540.28326753179,-65758.63102181329,-100291.7185773514,-83508.57597691727,-76066.62971575615,-69162.3770192119,-64720.48189884209,-79859.8995637774,-45799.2608307911,-53840.70322998801,-46251.77189728879,-121569.84169123671,-91857.01958620783,-81573.04901755441,-61010.517002405766,-69998.48872405157,0
60,-68540.28326753179,-65758.63102181329,-100291.7185773514,-83508.57597691727,-76066.62971575615,-69162.3770192119,-64720.48189884209,-79859.8995637774,-45799.2608307911,-53840.70322998801,-46251.77189728879,-121569.84169123671,-91857.01958620783,-81573.04901755441,-61010.517002405766,-69998.48872405157,0
61,-68540.28326753179,-65758.63102181329,-100291.7185773514,-83508.57597691727,-76066.62971575615,-69162.3770192119,-64720.48189884209,-79859.8995637774,-45799.2608307911,-53840.70322998801,-46251.77189728879,-121569.84169123671,-91857.01958620783,-81573.04901755441,-61010.517002405766,-69998.48872405157,0
62,-68540.28326753179,-65758.63102181329,-100291.7185773514,-83508.57597691727,-76066.62971575615,-69162.3770192119,-64720.48189884209,-79859.8995637774,-45799.2608307911,-53840.70322998801,-46251.77189728879,-121569.84169123671,-91857.01958620783,-81573.04901755441,-61010.517002405766,-69998.48872405157,0
63,-68540.28326753179,-65758.63102181329,-100291.7185773514,-83508.57597691727,-76066.62971575615,-69162.3770192119,-64720.48189884209,-79859.8995637774,-45799.2608307911,-53840.70322998801,-46251.77189728879,-121569.84169123671,-91857.01958620783,-81573.04901755441,-61010.517002405766,-69998.48872405157,0
64,-68553.73901769388,-65774.56781560992,-100289.08107150569,-83500.0599622798,-76038.6006282092,-69141.07580674598,-64690.91054092772,-79856.79267129811,-45801.89833663683,-53858.718736018986,-46363.75413700988,-121289.77433321171,-91854.98557746239,-81580.73801764703,-60997.12830747704,-70014.33611087038,0
65,-68553.73901769388,-65774.56781560992,-100289.08107150569,-83500.0599622798,-76038.6006282092,-69141.07580674598,-64690.91054092772,-79856.79267129811,-45801.89833663683,-53858.718736018986,-46363.75413700988,-121289.77433321171,-91854.98557746239,-81580.73801764703,-60997.12830747704,-70014.33611087038,0
66,-68553.73901769388,-65774.56781560992,-100289.08107150569,-83500.0599622798,-76038.6006282092,-69141.07580674598,-64690.91054092772,-79856.79267129811,-45801.89833663683,-53858.718736018986,-46363.75413700988,-121289.77433321171,-91854.98557746239,-81580.73801764703,-60997.12830747704,-70014.33611087038,0
67,-68553.73901769388,-65774.56781560992,-100289.08107150569,-83500.0599622798,-76038.6006282092,-69141.07580674598,-64690.91054092772,-79856.79267129811,-45801.89833663683,-53858.718736018986,-46363.75413700988,-121289.77433321171,-91854.98557746239,-81580.73801764703,-60997.12830747704,-70014.33611087038,0
68,-68522.87125860111,-65728.50087028752,-100251.39603035404,-83477.86468003568,-76009.83393309521,-69111.37033836488,-64653.78429338745,-79815.4866475447,-45775.14329852382,-53807.488537727426,-46406.71418985298,-120444.11843348962,-91823.06728638022,-81531.5418281009,-60950.86019645455,-69999.04751766296,0
69,-68522.87125860111,-65728.50087028752,-100251.39603035404,-83477.86468003568,-76009.83393309521,-69111.37033836488,-64653.78429338745,-79815.4866475447,-45775.14329852382,-53807.488537727426,-46406.71418985298,-120444.11843348962,-91823.06728638022,-81531.5418281009,-60950.86019645455,-69999.04751766296,0
70,-68522.87125860111,-65728.50087028752,-100251.39603035404,-83477.86468003568,-76009.83393309521,-69111.37033836488,-64653.78429338745,-79815.4866475447,-45775.14329852382,-53807.488537727426,-46406.71418985298,-120444.11843348962,-91823.06728638022,-81531.5418281009,-60950.86019645455,-69999.04751766296,0
71,-68522.87125860111,-65728.50087028752,-100251.39603035404,-83477.86468003568,-76009.83393309521,-69111.37033836488,-64653.78429338745,-79815.4866475447,-45775.14329852382,-53807.488537727426,-46406.71418985298,-120444.11843348962,-91823.06728638022,-81531.5418281009,-60950.86019645455,-69999.04751766296,0
72,-68522.87125860111,-65728.50087028752,-100251.39603035404,-83477.86468003568,-76009.83393309521,-69111.37033836488,-64653.78429338745,-79815.4866475447,-45775.14329852382,-53807.488537727426,-46406.71418985298,-120444.11843348962,-91823.06728638022,-81531.5418281009,-60950.86019645455,-69999.04751766296,0
73,-68500.3183484457,-65699.42125075117,-100224.68569572995,-83464.85596476268,-75997.29460445579,-69098.1604573918,-64642.451958948615,-79787.79283616458,-45750.712841834174,-53798.100805056194,-46446.165018816595,-119252.01049471028,-91821.56971950171,-81524.36691813075,-60946.65806849695,-69931.20997324109,0
74,-68500.3183484457,-65699.42125075117,-100224.68569572995,-83464.85596476268,-75997.29460445579,-69098.1604573918,-64642.451958948615,-79787.79283616458,-45750.712841834174,-53798.100805056194,-46446.165018816595,-119252.01049471028,-91821.56971950171,-81524.36691813075,-60946.65806849695,-69931.20997324109,0
75,-68500.3183484457,-65699.42125075117,-100224.68569572995,-83464.85596476268,-75997.29460445579,-69098.1604573918,-64642.451958948615,-79787.79283616458,-45750.712841834174,-53798.100805056194,-46446.165018816595,-119252.01049471028,-91821.56971950171,-81524.36691813075,-60946.65806849695,-69931.20997324109,0
76,-68500.3183484457,-65699.42125075117,-100224.68569572995,-83464.85596476268,-75997.29460445579,-69098.1604573918,-64642.451958948615,-79787.79283616458,-45750.712841834174,-53798.100805056194,-46446.165018816595,-119252.01049471028,-91821.56971950171,-81524.36691813075,-60946.65806849695,-69931.20997324109,0
77,-68458.27471712527,-65703.7574891755,-100210.8052624232,-83459.69271179351,-75979.50261586937,-69093.98068117865,-64620.39078717122,-79775.29821101406,-45738.03940272801,-53784.42153744955,-46491.49435657196,-118887.85587404441,-91799.93323086896,-81512.29697612488,-60924.12751008601,-69960.7142759221,0
78,-68458.27471712527,-65703.7574891755,-100210.8052624232,-83459.69271179351,-75979.50261586937,-69093.98068117865,-64620.39078717122,-79775.29821101406,-45738.03940272801,-53784.42153744955,-46491.49435657196,-118887.85587404441,-91799.93323086896,-81512.29697612488,-60924.12751008601,-69960.7142759221,0
79,-68458.27471712527,-65703.7574891755,-100210.8052624232,-83459.69271179351,-75979.50261586937,-69093.98068117865,-64620.39078717122,-79775.29821101406,-45738.03940272801,-53784.42153744955,-46491.49435657196,-118887.85587404441,-91799.93323086896,-81512.29697612488,-60924.12751008601,-69960.7142759221,0
80,-68458.27471712527,-65703.7574891755,-100210.8052624232,-83459.69271179351,-75979.50261586937,-69093.98068117865,-64620.39078717122,-79775.29821101406,-45738.03940272801,-53784.42153744955,-46491.49435657196,-118887.85587404441,-91799.93323086896,-81512.29697612488,-60924.12751008601,-69960.7142759221,0
81,-68458.27471712527,-65703.7574891755,-100210.8052624232,-83459.69271179351,-75979.50261586937,-69093.98068117865,-64620.39078717122,-79775.29821101406,-45738.03940272801,-53784.42153744955,-46491.49435657196,-118887.85587404441,-91799.93323086896,-81512.29697612488,-60924.12751008601,-69960.7142759221,0
82,-68554.34251479417,-65693.09570707032,-100201.81986115217,-83459.33508388222,-75951.54058355578,-69091.4102305663,-64601.749432295495,-79762.24479225217,-45719.733324019115,-53769.22235121994,-46587.74096819651,-118080.30969861863,-91790.3666842421,-81505.7926184884,-60913.756300658744,-69962.52476722297,0
83,-68554.34251479417,-65693.09570707032,-100201.81986115217,-83459.33508388222,-75951.54058355578,-69091.4102305663,-64601.749432295495,-79762.24479225217,-45719.733324019115,-53769.22235121994,-46587.74096819651,-118080.30969861863,-91790.3666842421,-81505.7926184884,-60913.756300658744,-69962.52476722297,0
84,-68554.34251479417,-65693.09570707032,-100201.81986115217,-83459.33508388222,-75951.54058355578,-69091.4102305663,-64601.749432295495,-79762.24479225217,-45719.733324019115,-53769.22235121994,-46587.74096819651,-118080.30969861863,-91790.3666842421,-81505.7926184884,-60913.756300658744,-69962.52476722297,0
85,-68554.34251479417,-65693.09570707032,-100201.81986115217,-83459.33508388222,-75951.54058355578,-69091.4102305663,-64601.749432295495,-79762.24479225217,-45719.733324019115,-53769.22235121994,-46587.74096819651,-118080.30969861863,-91790.3666842421,-81505.7926184884,-60913.756300658744,-69962.52476722297,0
86,-68560.71276196394,-65633.99769473048,-100156.15524722997,-83438.45855456097,-75921.49983900784,-69064.87870989785,-64566.70189698957,-79728.38189940237,-45667.38553850479,-53771.43517392101,-46607.96929692856,-117025.4191190504,-91765.93622755245,-81496.02490616142,-60889.32584396909,-69914.2002957106,0
87,-68560.71276196394,-65633.99769473048,-100156.15524722997,-83438.45855456097,-75921.49983900784,-69064.87870989785,-64566.70189698957,-79728.38189940237,-45667.38553850479,-53771.43517392101,-46607.96929692856,-117025.4191190504,-91765.93622755245,-81496.02490616142,-60889.32584396909,-69914.2002957106,0
88,-68560.71276196394,-65633.99769473048,-100156.15524722997,-83438.45855456097,-75921.49983900784,-69064.87870989785,-64566.70189698957,-79728.38189940237,-45667.38553850479,-53771.43517392101,-46607.96929692856,-117025.4191190504,-91765.93622755245,-81496.02490616142,-60889.32584396909,-69914.2002957106,0
